3.622039079666137695e+00	8.566123843193054199e-01	1.091251730918884277e+00
-1.076214313507080078e+01	-8.050382614135742188e+00	7.178901195526123047e+00
8.826310038566589355e-01	4.140848159790039062e+00	2.477315627038478851e-02
1.783925771713256836e+00	5.272225379943847656e+00	6.313719749450683594e-01
1.520056724548339844e+00	5.946767807006835938e+00	2.985263168811798096e-01
-5.877234935760498047e-01	1.478285551071166992e+00	-1.821294307708740234e+00
1.435717582702636719e+00	5.445748805999755859e+00	-8.996828198432922363e-01
2.384950160980224609e+00	5.050800800323486328e+00	9.175094366073608398e-01
3.553189039230346680e+00	1.593549489974975586e+00	1.134857416152954102e+00
1.090313792228698730e+00	1.643535137176513672e+00	1.522390484809875488e+00
5.295201301574707031e+00	5.624290943145751953e+00	1.956571817398071289e+00
8.910816192626953125e+00	-2.710442543029785156e-01	3.708232879638671875e+00
2.498808622360229492e+00	3.616250038146972656e+00	3.398959636688232422e-01
7.465647459030151367e-01	4.220791339874267578e+00	-3.326297998428344727e-01
1.914119148254394531e+01	-4.261617660522460938e+00	6.958483695983886719e+00
-1.070963382720947266e+01	-8.111041069030761719e+00	7.191700935363769531e+00
2.878601312637329102e+00	3.315738916397094727e+00	1.770303368568420410e+00
3.561234712600708008e+00	1.336013889312744141e+01	1.130115604400634766e+01
1.144058585166931152e+00	4.845091819763183594e+00	3.413897156715393066e-01
3.120231151580810547e+00	2.826708555221557617e-01	1.116098403930664062e+00
9.704011678695678711e-01	2.500492334365844727e+00	4.796902835369110107e-01
4.646214962005615234e+00	5.582553863525390625e+00	2.426418781280517578e+00
1.861040592193603516e+00	1.726788997650146484e+00	2.442324638366699219e+00
7.839646935462951660e-01	4.495007038116455078e+00	-3.016717433929443359e-01
8.152236938476562500e-01	4.139880180358886719e+00	-1.282237321138381958e-01
4.133690357208251953e+00	4.984481334686279297e+00	2.293154478073120117e+00
5.023133158683776855e-01	1.749141573905944824e+00	1.067492127418518066e+00
1.557136774063110352e+00	-6.405587673187255859e+00	-2.869689702987670898e+00
1.293282127380371094e+01	4.267296314239501953e+00	-1.842643320560455322e-01
4.197876930236816406e+00	6.625869274139404297e+00	2.285785973072052002e-01
1.406600475311279297e-01	4.550568580627441406e+00	5.896193981170654297e-01
2.553400754928588867e+00	4.769559383392333984e+00	1.833717703819274902e+00
4.053868770599365234e+00	5.337123870849609375e+00	1.235409498214721680e+00
1.354171371459960938e+01	2.763634443283081055e+00	2.575228691101074219e+00
1.508281826972961426e+00	-6.360372066497802734e+00	-2.927735567092895508e+00
1.913720130920410156e+01	-4.233823776245117188e+00	6.930720806121826172e+00
-2.739531278610229492e+00	7.617813587188720703e+00	-2.670591592788696289e+00
4.223647594451904297e+00	5.050702571868896484e+00	2.368492841720581055e+00
1.383432483673095703e+01	2.818610191345214844e+00	2.310194730758666992e+00
5.377278327941894531e+00	5.774714946746826172e+00	1.794257998466491699e+00
1.446078419685363770e+00	-5.728692531585693359e+00	-2.942048311233520508e+00
3.405163586139678955e-01	1.874157667160034180e+00	9.902127981185913086e-01
4.458197593688964844e+00	3.457067251205444336e+00	2.873452663421630859e+00
-6.043663024902343750e-01	1.459002971649169922e+00	-1.838701725006103516e+00
2.617611408233642578e+00	4.775075435638427734e+00	1.881808996200561523e+00
5.688237547874450684e-01	2.203886032104492188e+00	-6.043201684951782227e-01
1.720908761024475098e+00	5.833551406860351562e+00	5.001437067985534668e-01
1.076600790023803711e+00	4.371294021606445312e+00	1.735450476408004761e-01
-9.506851434707641602e-01	1.028790473937988281e+01	1.609442710876464844e+00
1.951768159866333008e+00	1.414572596549987793e+00	8.198959231376647949e-01
1.147175952792167664e-01	5.586554050445556641e+00	1.428508162498474121e-01
-1.081348514556884766e+01	-8.022743225097656250e+00	7.146455764770507812e+00
4.156283855438232422e+00	5.694692134857177734e+00	-1.307485699653625488e+00
5.403337001800537109e+00	7.051754474639892578e+00	6.904924511909484863e-01
3.851560652256011963e-01	7.319690227508544922e+00	3.697803616523742676e-01
8.877206802368164062e+00	-2.467696368694305420e-01	3.667140007019042969e+00
2.443665027618408203e+00	3.420481920242309570e+00	9.815314412117004395e-01
-8.505655527114868164e-01	1.013508415222167969e+01	1.479811310768127441e+00
2.123880833387374878e-01	4.443280220031738281e+00	4.726902842521667480e-01
1.384783238172531128e-01	5.553554534912109375e+00	1.275686323642730713e-01
-8.482235074043273926e-01	1.013517761230468750e+01	1.493061661720275879e+00
3.530740499496459961e+00	1.339060974121093750e+01	1.133161258697509766e+01
1.550141930580139160e+00	-6.415164470672607422e+00	-2.878624200820922852e+00
1.742419958114624023e+00	-6.227093696594238281e+00	-2.731815099716186523e+00
1.293053627014160156e+01	4.362204551696777344e+00	-3.293473720550537109e-01
1.305141925811767578e+01	4.257236957550048828e+00	-2.233302742242813110e-01
4.063082695007324219e+00	5.969140052795410156e+00	4.182168543338775635e-01
1.419930458068847656e+00	6.106658458709716797e+00	1.467811614274978638e-01
3.187927484512329102e+00	-3.614013671875000000e+00	-2.787917852401733398e+00
4.057984352111816406e+00	5.785605907440185547e+00	4.635313153266906738e-01
1.713413238525390625e+00	5.878293991088867188e+00	-1.686254739761352539e+00
3.170569419860839844e+00	9.723585247993469238e-01	9.838600158691406250e-01
-4.656621515750885010e-01	4.931538581848144531e+00	9.977456927299499512e-01
3.664280891418457031e+00	1.792739033699035645e+00	1.145871400833129883e+00
2.556970596313476562e+00	3.619025468826293945e+00	1.349407792091369629e+00
3.145193576812744141e+00	3.466677069664001465e-01	1.122586727142333984e+00
1.637642025947570801e+00	2.808924674987792969e+00	1.896650671958923340e+00
6.119843721389770508e-01	4.265235424041748047e+00	-4.633813798427581787e-01
1.298468875885009766e+01	4.221023082733154297e+00	-1.832171082496643066e-01
4.708837032318115234e+00	5.864634513854980469e+00	2.085288763046264648e+00
3.523946046829223633e+00	1.339743137359619141e+01	1.133845710754394531e+01
3.495503664016723633e+00	6.962342739105224609e+00	-9.421229362487792969e-01
1.119653105735778809e+00	4.419183731079101562e+00	3.115040659904479980e-01
3.396129846572875977e+00	7.129573345184326172e+00	-8.498864769935607910e-01
2.641276836395263672e+00	4.797122478485107422e+00	1.899181842803955078e+00
2.137835979461669922e+00	5.769743919372558594e-01	9.923331737518310547e-01
6.522245705127716064e-02	1.879998683929443359e+00	-1.113868713378906250e+00
2.494384527206420898e+00	3.428959608078002930e+00	1.406796813011169434e+00
-1.063555240631103516e+01	-8.029652595520019531e+00	7.107887744903564453e+00
1.481690645217895508e+00	-5.773283481597900391e+00	-2.898781061172485352e+00
2.798778057098388672e+00	3.057292222976684570e+00	1.328681945800781250e+00
2.523030042648315430e+00	4.766187667846679688e+00	1.812640070915222168e+00
-2.770060062408447266e+00	7.432123661041259766e+00	-2.589051246643066406e+00
4.073005676269531250e+00	5.326756954193115234e+00	1.291462540626525879e+00
3.553748369216918945e+00	1.336767101287841797e+01	1.130869293212890625e+01
5.077515125274658203e+00	5.709367752075195312e+00	2.005980014801025391e+00
-1.070249938964843750e+01	-8.003688812255859375e+00	7.013192653656005859e+00
4.425481259822845459e-01	4.778815269470214844e+00	-3.479285836219787598e-01
2.659612655639648438e+00	8.969564437866210938e-01	1.053303718566894531e+00
4.616740226745605469e+00	5.635024547576904297e+00	2.057000637054443359e+00
7.409144639968872070e-01	4.104243278503417969e+00	-3.477758169174194336e-01
5.225903987884521484e-01	1.749370098114013672e+00	1.073265671730041504e+00
3.416687011718750000e+00	7.084106445312500000e+00	-8.249670267105102539e-01
-5.118634700775146484e-01	1.538196444511413574e+00	-1.742797493934631348e+00
5.700346231460571289e-01	2.204278707504272461e+00	-5.770732164382934570e-01
1.989946246147155762e+00	1.432294249534606934e+00	8.009633421897888184e-01
1.303053569793701172e+01	4.176682949066162109e+00	-1.351934224367141724e-01
3.025441408157348633e+00	6.054707527160644531e+00	1.001528620719909668e+00
-1.071409606933593750e+01	-8.100878715515136719e+00	7.227500438690185547e+00
3.934396743774414062e+00	5.296777725219726562e+00	1.296085357666015625e+00
1.297980690002441406e+01	4.215632438659667969e+00	-1.756694465875625610e-01
2.800359487533569336e+00	3.270329475402832031e+00	1.705024123191833496e+00
-4.444465041160583496e-01	1.588266491889953613e+00	-1.671458244323730469e+00
1.866354942321777344e-01	5.503848552703857422e+00	1.971412748098373413e-01
1.636389732360839844e+00	1.271030426025390625e+00	8.158816099166870117e-01
5.937869548797607422e-01	2.172317981719970703e+00	-5.649266839027404785e-01
2.834421396255493164e+00	4.397222042083740234e+00	2.584631741046905518e-01
1.030811309814453125e+00	1.593288660049438477e+00	1.072113990783691406e+00
3.502223968505859375e+00	6.570127487182617188e+00	-8.139234781265258789e-01
1.449371218681335449e+00	4.543484210968017578e+00	-1.831618189811706543e+00
2.816778659820556641e+00	2.222275882959365845e-01	1.136946916580200195e+00
4.068571567535400391e+00	4.944255828857421875e+00	2.183197975158691406e+00
1.185037851333618164e+00	4.905381202697753906e+00	6.260932683944702148e-01
1.725132465362548828e+00	-5.793768405914306641e+00	-2.679515123367309570e+00
1.035471916198730469e+00	4.226108074188232422e+00	-5.399365723133087158e-02
4.445621490478515625e+00	3.411226511001586914e+00	2.877789497375488281e+00
2.839742660522460938e+00	5.410089969635009766e+00	2.031420022249221802e-01
-1.086005020141601562e+01	-8.005578041076660156e+00	7.214989185333251953e+00
3.335859775543212891e+00	-2.720196843147277832e-01	1.090218067169189453e+00
-5.958213210105895996e-01	4.876290798187255859e+00	1.025419592857360840e+00
1.295694732666015625e+01	4.191655158996582031e+00	-1.501684486865997314e-01
1.392716646194458008e+00	2.915343284606933594e+00	2.049917221069335938e+00
4.119323253631591797e+00	5.663797855377197266e+00	-1.344297409057617188e+00
1.490406990051269531e+00	-6.479647636413574219e+00	-2.938883543014526367e+00
9.131389260292053223e-01	4.420994758605957031e+00	2.645501494407653809e-01
-4.931237697601318359e-01	4.969343185424804688e+00	1.011509895324707031e+00
-2.030761480331420898e+00	7.092377662658691406e+00	-1.780080080032348633e+00
1.096648812294006348e+00	5.136623859405517578e+00	5.320398211479187012e-01
2.635602474212646484e+00	3.419391393661499023e+00	1.503736257553100586e+00
-1.067075920104980469e+01	-8.062287330627441406e+00	7.106883525848388672e+00
4.051393985748291016e+00	5.291611671447753906e+00	1.328515172004699707e+00
4.689368724822998047e+00	5.740374088287353516e+00	2.329545259475708008e+00
2.322866439819335938e+00	3.598350286483764648e+00	1.366819977760314941e+00
2.925394058227539062e+00	5.530163049697875977e-01	1.112625718116760254e+00
1.239066839218139648e+00	4.771398544311523438e+00	1.991664618253707886e-01
1.102314829826354980e+00	2.718438148498535156e+00	9.771351814270019531e-01
3.240630865097045898e+00	6.555849313735961914e-01	8.121938705444335938e-01
1.468467473983764648e+00	2.962045192718505859e+00	1.968245029449462891e+00
8.317396640777587891e-01	4.481671333312988281e+00	-7.026906609535217285e-01
4.391996860504150391e+00	5.870201110839843750e+00	-1.196751832962036133e+00
-9.256906062364578247e-02	5.292448997497558594e+00	4.744485914707183838e-01
1.488951086997985840e+00	-5.632954597473144531e+00	-2.888479709625244141e+00
2.088759422302246094e+00	3.614825010299682617e-01	8.400603532791137695e-01
3.757067203521728516e+00	5.651490688323974609e+00	1.024276614189147949e+00
5.385198116302490234e+00	7.076078414916992188e+00	6.669999361038208008e-01
-6.263428926467895508e-01	4.993569374084472656e+00	1.102827072143554688e+00
4.337810873985290527e-01	7.284469127655029297e+00	3.424179852008819580e-01
4.284769058227539062e+00	5.768355846405029297e+00	9.813163280487060547e-01
3.516197204589843750e+00	-6.454928517341613770e-01	1.089866042137145996e+00
2.023410797119140625e+00	3.811887025833129883e+00	1.233726382255554199e+00
1.391867256164550781e+01	2.808674335479736328e+00	2.231469631195068359e+00
-1.064118003845214844e+01	-8.070157051086425781e+00	7.070084095001220703e+00
1.488048076629638672e+00	5.991067886352539062e+00	2.280700206756591797e-01
2.087117195129394531e+00	2.166488647460937500e+00	2.021424531936645508e+00
1.101506948471069336e+00	4.242896556854248047e+00	-4.987772926688194275e-02
1.258340358734130859e+00	4.594359874725341797e+00	6.528143305331468582e-03
-6.025148630142211914e-01	4.908034801483154297e+00	1.076466202735900879e+00
3.434111356735229492e+00	2.037279605865478516e+00	1.194140672683715820e+00
-1.081061458587646484e+01	-8.100944519042968750e+00	7.229820251464843750e+00
5.386612415313720703e+00	7.075944900512695312e+00	6.678188443183898926e-01
2.109711885452270508e+00	5.766509771347045898e-01	1.046579718589782715e+00
-2.824801445007324219e+00	7.616248607635498047e+00	-2.676760196685791016e+00
1.496435046195983887e+00	-5.699550151824951172e+00	-2.892021179199218750e+00
-1.069289970397949219e+01	-8.020493507385253906e+00	7.090464115142822266e+00
6.434507966041564941e-01	1.679532527923583984e+00	1.018377661705017090e+00
4.383349895477294922e+00	5.366161346435546875e+00	2.291968107223510742e+00
1.351377296447753906e+01	2.777623414993286133e+00	2.595755100250244141e+00
2.306688070297241211e+00	3.874710559844970703e+00	1.001046299934387207e+00
1.295988440513610840e+00	4.374356746673583984e+00	2.692406475543975830e-01
3.323076248168945312e+00	2.304325103759765625e+00	1.212020516395568848e+00
1.352169799804687500e+01	2.793818950653076172e+00	2.534333705902099609e+00
5.453247427940368652e-01	4.349674701690673828e+00	-5.808387994766235352e-01
-1.074759197235107422e+01	-7.992349624633789062e+00	7.151962757110595703e+00
1.050261974334716797e+00	5.077797889709472656e+00	5.358696579933166504e-01
4.512782096862792969e+00	5.538364410400390625e+00	2.296962261199951172e+00
4.320749282836914062e+00	5.848504066467285156e+00	-1.214293956756591797e+00
3.105169773101806641e+00	4.239188194274902344e+00	1.400076746940612793e+00
4.252285003662109375e+00	5.757383346557617188e+00	-1.101032495498657227e+00
4.158761024475097656e+00	5.052984714508056641e+00	2.237308263778686523e+00
1.835772991180419922e+00	1.782652854919433594e+00	2.423428535461425781e+00
-7.592616081237792969e-01	9.784733772277832031e+00	1.367510437965393066e+00
2.162993907928466797e+00	3.650557279586791992e+00	1.382708072662353516e+00
1.411251723766326904e-01	5.034776210784912109e+00	9.899132847785949707e-01
4.063660621643066406e+00	5.769332408905029297e+00	4.102436304092407227e-01
3.547389745712280273e+00	9.340643882751464844e-01	1.068637371063232422e+00
3.083383560180664062e+00	1.248416137695312500e+01	4.118696212768554688e+00
-1.075407505035400391e+01	-8.105598449707031250e+00	7.168457031250000000e+00
3.943076431751251221e-01	7.294630527496337891e+00	3.816489875316619873e-01
1.217059731483459473e+00	2.868733406066894531e+00	2.182430267333984375e+00
1.624034047126770020e+00	-6.303957462310791016e+00	-2.817656278610229492e+00
-5.980296730995178223e-01	9.902287483215332031e+00	1.449327826499938965e+00
3.505461692810058594e+00	-6.521924138069152832e-01	1.106508255004882812e+00
3.410584926605224609e+00	7.110504627227783203e+00	-8.378965258598327637e-01
1.768484473228454590e+00	4.159490585327148438e+00	8.587833046913146973e-01
1.271102190017700195e+00	2.923565149307250977e+00	2.114302873611450195e+00
7.976235747337341309e-01	1.636063814163208008e+00	1.327044844627380371e+00
-1.077431201934814453e+01	-8.144925117492675781e+00	7.044457912445068359e+00
2.565265417098999023e+00	3.369805812835693359e+00	9.702349305152893066e-01
2.802934885025024414e+00	2.781715989112854004e-01	1.138541340827941895e+00
-7.871142029762268066e-01	9.822999000549316406e+00	1.368508458137512207e+00
3.891588926315307617e+00	5.068805694580078125e+00	2.072875261306762695e+00
2.086883306503295898e+00	1.653079390525817871e+00	2.399477005004882812e+00
-9.522230625152587891e-01	1.021221828460693359e+01	1.541018247604370117e+00
-1.083671569824218750e+01	-7.973637580871582031e+00	7.238968372344970703e+00
5.696090459823608398e-01	2.208851575851440430e+00	-5.915673375129699707e-01
1.392402076721191406e+01	2.788840770721435547e+00	2.226358175277709961e+00
1.198909640312194824e+00	2.903501749038696289e+00	2.199111461639404297e+00
1.364484882354736328e+01	2.779379367828369141e+00	2.479660749435424805e+00
-1.815874576568603516e-01	4.583073616027832031e+00	6.856003403663635254e-01
-1.088525104522705078e+01	-7.954056739807128906e+00	7.127720355987548828e+00
2.974449634552001953e+00	6.024842262268066406e+00	9.470791816711425781e-01
4.542165756225585938e+00	5.554538249969482422e+00	2.442142724990844727e+00
1.156892895698547363e+00	4.956925868988037109e+00	-1.468690931797027588e-01
3.097562074661254883e+00	1.250116729736328125e+01	4.133269786834716797e+00
-9.425612688064575195e-01	1.022952175140380859e+01	1.562301039695739746e+00
1.125184893608093262e+00	6.582285404205322266e+00	2.597706019878387451e-01
-2.700619697570800781e+00	7.666210174560546875e+00	-2.720649957656860352e+00
-1.072428417205810547e+01	-8.150752067565917969e+00	7.169888019561767578e+00
-3.917273283004760742e-01	1.606383204460144043e+00	-1.618491411209106445e+00
2.749669313430786133e+00	5.360723972320556641e+00	2.709942162036895752e-01
5.398189544677734375e+00	7.081202030181884766e+00	6.797845959663391113e-01
4.428833961486816406e+00	3.438778877258300781e+00	2.851800918579101562e+00
-1.007761836051940918e+00	1.029873657226562500e+01	1.628134369850158691e+00
-1.073427772521972656e+01	-8.134881973266601562e+00	7.157236099243164062e+00
-2.505635261535644531e+00	7.466792106628417969e+00	-2.343625783920288086e+00
3.098574876785278320e+00	1.249346923828125000e+01	4.136322021484375000e+00
8.919856071472167969e+00	-6.035876870155334473e-01	3.650435686111450195e+00
8.865349769592285156e+00	-2.812802493572235107e-01	3.709728717803955078e+00
-6.653676033020019531e-01	4.996935367584228516e+00	1.125955224037170410e+00
1.388288116455078125e+01	2.756952524185180664e+00	2.266817331314086914e+00
1.570998430252075195e+00	-6.386493206024169922e+00	-2.855585336685180664e+00
2.603655099868774414e+00	4.165851593017578125e+00	7.690769433975219727e-02
3.939315974712371826e-01	7.521492958068847656e+00	2.538661360740661621e-01
4.498697757720947266e+00	5.373256206512451172e+00	2.233468055725097656e+00
-9.248677492141723633e-01	1.029620170593261719e+01	1.642155647277832031e+00
-3.689853250980377197e-01	5.065895557403564453e+00	8.819481134414672852e-01
-1.063303852081298828e+01	-8.009966850280761719e+00	7.188164710998535156e+00
2.706490278244018555e+00	2.881689310073852539e+00	1.033784627914428711e+00
4.073441982269287109e+00	5.599502086639404297e+00	-1.049343466758728027e+00
4.120886802673339844e+00	5.688976764678955078e+00	-1.070472717285156250e+00
7.770123958587646484e+00	2.551277399063110352e+00	8.008325576782226562e+00
1.346267819404602051e+00	4.473859786987304688e+00	-2.479169815778732300e-01
3.113773584365844727e+00	9.680006653070449829e-02	9.866646528244018555e-01
-6.229382157325744629e-01	1.439560532569885254e+00	-1.856918096542358398e+00
1.916901397705078125e+01	-4.253040313720703125e+00	6.950059890747070312e+00
5.320677757263183594e+00	5.615169525146484375e+00	1.956813216209411621e+00
4.104796648025512695e-01	5.926354885101318359e+00	6.012113094329833984e-01
-6.020961403846740723e-01	4.912878036499023438e+00	1.057762026786804199e+00
9.616538286209106445e-01	1.637421131134033203e+00	1.402082681655883789e+00
8.908267021179199219e+00	-2.500229477882385254e-01	3.676275253295898438e+00
-1.080836200714111328e+01	-8.065004348754882812e+00	7.170611381530761719e+00
3.002614498138427734e+00	2.774783849716186523e+00	1.039742946624755859e+00
-9.581888914108276367e-01	1.027451801300048828e+01	1.527856707572937012e+00
3.501195192337036133e+00	1.999711632728576660e+00	1.207962036132812500e+00
2.920923709869384766e+00	4.683271408081054688e+00	2.054773807525634766e+00
1.581779599189758301e+00	-5.569961071014404297e+00	-2.805404901504516602e+00
2.032307386398315430e+00	2.418899774551391602e+00	1.239267230033874512e+00
1.756499528884887695e+00	1.652677297592163086e+00	2.425390720367431641e+00
1.385544395446777344e+01	2.826637744903564453e+00	2.291989326477050781e+00
-1.074341964721679688e+01	-7.924707412719726562e+00	7.128651618957519531e+00
1.299938392639160156e+01	4.181667804718017578e+00	-1.433630883693695068e-01
1.713222980499267578e+00	1.120411992073059082e+00	7.971566319465637207e-01
-6.387692689895629883e-01	4.899311542510986328e+00	1.048497796058654785e+00
-9.239546656608581543e-01	1.024099826812744141e+01	1.584978461265563965e+00
7.806877136230468750e+00	2.514753103256225586e+00	8.045024871826171875e+00
-6.051285862922668457e-01	1.448433995246887207e+00	-1.840368390083312988e+00
7.269659042358398438e-01	4.387692451477050781e+00	-6.182516366243362427e-02
4.092942714691162109e+00	4.927359580993652344e+00	2.260310173034667969e+00
4.741493701934814453e+00	3.116988897323608398e+00	3.434262275695800781e+00
2.526606082916259766e+00	5.412740230560302734e+00	4.399839043617248535e-01
-9.967039823532104492e-01	1.037637424468994141e+01	1.522700190544128418e+00
1.410859942436218262e+00	6.125131130218505859e+00	1.659037619829177856e-01
2.075187683105468750e+00	1.707443475723266602e+00	2.362565040588378906e+00
7.792203903198242188e+00	2.522383689880371094e+00	8.029439926147460938e+00
6.229114532470703125e-01	2.168317556381225586e+00	-5.163956880569458008e-01
8.856021881103515625e+00	-2.778077125549316406e-01	3.706533908843994141e+00
4.792519569396972656e+00	3.073621749877929688e+00	3.510111808776855469e+00
1.271581649780273438e+01	4.324911594390869141e+00	-2.281689345836639404e-01
2.072920322418212891e+00	4.424439907073974609e+00	8.546344041824340820e-01
-1.075678634643554688e+01	-8.029943466186523438e+00	7.175768375396728516e+00
2.792737245559692383e+00	3.557691812515258789e+00	1.866515636444091797e+00
4.418290615081787109e+00	5.395612716674804688e+00	2.328937292098999023e+00
3.159871816635131836e+00	-3.642383337020874023e+00	-2.755915880203247070e+00
4.516085624694824219e+00	5.699637889862060547e+00	1.674257993698120117e+00
1.084047555923461914e+00	4.025827407836914062e+00	-2.526920475065708160e-02
1.272412300109863281e+00	4.430695056915283203e+00	-1.639353871345520020e+00
1.800676345825195312e+00	1.691849708557128906e+00	2.315914869308471680e+00
4.509171485900878906e+00	5.514678478240966797e+00	2.538996934890747070e+00
6.102502942085266113e-01	2.174774408340454102e+00	-5.329166650772094727e-01
1.293687224388122559e+00	5.437461376190185547e+00	-6.238214373588562012e-01
-1.078214263916015625e+01	-8.167592048645019531e+00	7.220138072967529297e+00
1.913005113601684570e+00	1.576032876968383789e+00	2.637831211090087891e+00
-9.605152606964111328e-01	1.028882217407226562e+01	1.608192682266235352e+00
2.803225278854370117e+00	3.491678476333618164e+00	1.827709436416625977e+00
1.390944957733154297e+01	2.774734735488891602e+00	2.241344213485717773e+00
1.644141912460327148e+00	5.808638572692871094e+00	4.527229070663452148e-01
2.472463130950927734e+00	2.580662012100219727e+00	1.358561754226684570e+00
1.102809548377990723e+00	1.507110476493835449e+00	1.334309935569763184e+00
1.342690372467041016e+01	2.735074281692504883e+00	2.664372205734252930e+00
3.144074678421020508e+00	-3.656913518905639648e+00	-2.754626750946044922e+00
1.444090604782104492e+00	5.007372379302978516e+00	2.961747050285339355e-01
1.753198385238647461e+00	-5.475175380706787109e+00	-2.632708311080932617e+00
3.143466949462890625e+00	8.428249359130859375e-01	9.566210508346557617e-01
-1.014755487442016602e+00	1.030667018890380859e+01	1.554242134094238281e+00
-1.076877117156982422e+01	-8.088397979736328125e+00	6.964956283569335938e+00
1.290440654754638672e+01	4.283006668090820312e+00	-2.315674722194671631e-01
8.684489727020263672e-01	4.124699592590332031e+00	-6.589834578335285187e-03
1.913346862792968750e+01	-4.264522075653076172e+00	6.961381435394287109e+00
1.261000394821166992e+00	2.915090799331665039e+00	2.135191679000854492e+00
3.926745176315307617e+00	5.741888523101806641e+00	4.447073638439178467e-01
-1.091309928894042969e+01	-7.907564163208007812e+00	7.296047210693359375e+00
5.028698444366455078e-01	1.808940291404724121e+00	1.002566576004028320e+00
2.407135725021362305e+00	4.566261768341064453e+00	-4.396328628063201904e-01
2.896139383316040039e+00	1.956664919853210449e-01	9.182762503623962402e-01
1.323203444480895996e+00	5.374872207641601562e+00	-7.203670740127563477e-01
2.639094114303588867e+00	3.542479753494262695e+00	9.742659330368041992e-01
2.097930431365966797e+00	3.689962625503540039e-01	8.431677818298339844e-01
2.884437561035156250e+00	3.507416546344757080e-01	9.833792448043823242e-01
4.186921119689941406e+00	5.663709640502929688e+00	-9.520229697227478027e-02
1.327402710914611816e+00	5.327856540679931641e+00	-7.354282736778259277e-01
-5.934496521949768066e-01	1.467886209487915039e+00	-1.827082753181457520e+00
-9.815784692764282227e-01	1.021788024902343750e+01	1.647530198097229004e+00
1.395964050292968750e+01	2.757129907608032227e+00	2.191785812377929688e+00
-2.900661528110504150e-01	1.643146395683288574e+00	-1.510799765586853027e+00
2.060751438140869141e+00	4.986134529113769531e+00	8.731515407562255859e-01
5.267232656478881836e-01	1.737157940864562988e+00	1.082087278366088867e+00
3.005496740341186523e+00	2.523416280746459961e-01	9.831621050834655762e-01
3.083916664123535156e+00	2.759695291519165039e+00	1.006662368774414062e+00
-1.050770521163940430e+00	1.033650970458984375e+01	1.535624265670776367e+00
2.639796733856201172e+00	3.451247453689575195e+00	9.604527950286865234e-01
1.296153640747070312e+01	4.215326786041259766e+00	-1.810805052518844604e-01
2.388572931289672852e+00	4.553679466247558594e+00	-4.306562244892120361e-01
1.577320456504821777e+00	5.914204597473144531e+00	3.494074642658233643e-01
1.915528678894042969e+01	-4.234447002410888672e+00	6.931365966796875000e+00
1.302399730682373047e+01	4.187482833862304688e+00	-1.534675657749176025e-01
3.538291692733764648e+00	-6.902673840522766113e-01	1.122889518737792969e+00
4.664546489715576172e+00	5.816450119018554688e+00	2.106358528137207031e+00
4.412735939025878906e+00	3.353225469589233398e+00	2.879016399383544922e+00
3.623975276947021484e+00	9.169241189956665039e-01	1.047260284423828125e+00
1.780614256858825684e+00	9.758670926094055176e-01	1.097023844718933105e+00
4.529337882995605469e+00	5.537939071655273438e+00	2.323211431503295898e+00
2.152485609054565430e+00	1.671613812446594238e+00	2.331279516220092773e+00
3.890517950057983398e+00	5.768997669219970703e+00	2.233263999223709106e-01
1.955678820610046387e+00	1.736675262451171875e+00	2.379378557205200195e+00
2.933903694152832031e+00	5.786218121647834778e-02	9.916977882385253906e-01
2.170437812805175781e+00	4.523383140563964844e+00	-1.888797879219055176e-01
4.575705051422119141e+00	5.649418830871582031e+00	1.932826995849609375e+00
1.293875598907470703e+01	4.329174518585205078e+00	-2.934240400791168213e-01
3.196088314056396484e+00	8.029094338417053223e-01	5.889844894409179688e-01
2.259440183639526367e+00	3.280502796173095703e+00	1.389931917190551758e+00
2.703370094299316406e+00	6.794517487287521362e-02	9.774958491325378418e-01
3.177280426025390625e+00	4.406822919845581055e-01	1.105781793594360352e+00
4.551064968109130859e+00	5.635306358337402344e+00	2.299324989318847656e+00
-4.535526633262634277e-01	1.600569128990173340e+00	-1.676495790481567383e+00
3.464429378509521484e+00	1.631727457046508789e+00	1.093712568283081055e+00
1.285586595535278320e+00	4.386334419250488281e+00	-1.810690641403198242e+00
-6.102572083473205566e-01	1.451824307441711426e+00	-1.845492124557495117e+00
7.066119909286499023e-01	4.169257640838623047e+00	-3.707674443721771240e-01
1.692918390035629272e-01	5.570756435394287109e+00	1.622824072837829590e-01
3.455792665481567383e+00	-6.008351445198059082e-01	1.135535717010498047e+00
3.127549886703491211e+00	4.750991821289062500e+00	1.097119927406311035e+00
1.367178797721862793e+00	4.470282554626464844e+00	-1.877833247184753418e+00
2.527491331100463867e+00	4.783327579498291016e+00	1.808854222297668457e+00
1.885605454444885254e+00	1.625293850898742676e+00	2.618078947067260742e+00
1.390135478973388672e+01	2.786180257797241211e+00	2.250212430953979492e+00
2.826506853103637695e+00	3.489774942398071289e+00	1.856226205825805664e+00
1.511580467224121094e+00	-5.668727874755859375e+00	-2.881780862808227539e+00
1.278864669799804688e+01	4.317733764648437500e+00	-2.551931738853454590e-01
8.881024360656738281e+00	-2.684363722801208496e-01	3.665218353271484375e+00
1.816455006599426270e+00	1.679627537727355957e+00	2.516246318817138672e+00
3.496437311172485352e+00	1.342034816741943359e+01	1.136082839965820312e+01
1.579152941703796387e+00	2.982960939407348633e+00	1.860854506492614746e+00
4.306555092334747314e-01	5.864214420318603516e+00	5.806445479393005371e-01
1.540129899978637695e+00	4.545764923095703125e+00	4.261758923530578613e-01
4.301417350769042969e+00	5.377187728881835938e+00	2.380696058273315430e+00
1.792825341224670410e+00	5.747832298278808594e+00	5.119425058364868164e-01
-2.596119880676269531e+00	7.589317798614501953e+00	-2.634044170379638672e+00
3.529753684997558594e+00	1.339054775238037109e+01	1.133139801025390625e+01
4.288228511810302734e+00	5.760017871856689453e+00	-1.086132764816284180e+00
1.701612591743469238e+00	4.774904727935791016e+00	5.073066949844360352e-01
3.030899286270141602e+00	5.646881580352783203e+00	4.913379549980163574e-01
1.712119460105895996e+00	4.475622177124023438e+00	6.199303865432739258e-01
1.380362415313720703e+01	2.789624929428100586e+00	2.333640813827514648e+00
2.464692592620849609e+00	3.477463006973266602e+00	4.813544154167175293e-01
4.053605079650878906e+00	4.963681221008300781e+00	2.221654415130615234e+00
-2.362415790557861328e+00	7.367043495178222656e+00	-2.147668600082397461e+00
2.384126186370849609e+00	5.113581180572509766e+00	8.822569847106933594e-01
5.339692592620849609e+00	5.503935813903808594e+00	1.892334818840026855e+00
1.462303280830383301e+00	-5.872456550598144531e+00	-2.919587612152099609e+00
3.301100969314575195e+00	2.420617491006851196e-01	1.207166910171508789e+00
1.898272037506103516e+00	2.395148038864135742e+00	1.767107009887695312e+00
3.146963834762573242e+00	-3.655499219894409180e+00	-2.747913360595703125e+00
3.341572523117065430e+00	2.260296821594238281e+00	1.194636106491088867e+00
-1.081226634979248047e+01	-8.082729339599609375e+00	7.247983455657958984e+00
-2.684125661849975586e+00	7.671786785125732422e+00	-2.710054397583007812e+00
2.357275247573852539e+00	5.052826404571533203e+00	9.954941272735595703e-01
3.431634902954101562e+00	7.090276718139648438e+00	-8.169891834259033203e-01
1.376561999320983887e+00	4.489804744720458984e+00	-1.873889446258544922e+00
1.159686803817749023e+00	5.201659679412841797e+00	4.892553687095642090e-01
1.567017674446105957e+00	-6.390187263488769531e+00	-2.856888294219970703e+00
8.867747306823730469e+00	-2.437409758567810059e-01	3.693761825561523438e+00
1.764168739318847656e+00	5.838660717010498047e+00	-1.633279323577880859e+00
9.971137046813964844e-01	4.095556735992431641e+00	5.605075880885124207e-02
6.945689916610717773e-01	4.142606258392333984e+00	-3.851949572563171387e-01
7.074096202850341797e-01	1.425396919250488281e+00	1.851020932197570801e+00
3.110467433929443359e+00	1.251417350769042969e+01	4.146146297454833984e+00
-9.774162769317626953e-01	1.029335021972656250e+01	1.575673341751098633e+00
3.418414592742919922e+00	7.105675697326660156e+00	-8.419477939605712891e-01
-2.680701255798339844e+00	7.710003852844238281e+00	-2.661296844482421875e+00
2.882396936416625977e+00	3.721909224987030029e-01	1.084694266319274902e+00
8.927268981933593750e+00	-2.553589642047882080e-01	3.624778985977172852e+00
4.790828227996826172e+00	3.069154024124145508e+00	3.512049436569213867e+00
-1.069835472106933594e+01	-8.032851219177246094e+00	7.115685462951660156e+00
5.281792640686035156e+00	5.606594085693359375e+00	1.976732850074768066e+00
4.184498786926269531e+00	5.663990020751953125e+00	-7.873512059450149536e-02
-9.726547598838806152e-01	1.027176284790039062e+01	1.590215086936950684e+00
2.123220682144165039e+00	5.962343811988830566e-01	1.052138924598693848e+00
4.802179336547851562e+00	3.069158077239990234e+00	3.524511814117431641e+00
-2.779952049255371094e+00	7.572352409362792969e+00	-2.659173488616943359e+00
-5.135661363601684570e-01	3.778185546398162842e-01	3.258729696273803711e+00
-2.801012992858886719e+00	7.465283870697021484e+00	-2.627323150634765625e+00
3.385219573974609375e+00	7.131496906280517578e+00	-8.730275034904479980e-01
2.518224716186523438e+00	2.683115482330322266e+00	1.352893233299255371e+00
4.472549438476562500e+00	5.924263477325439453e+00	-1.206085324287414551e+00
1.513370275497436523e+00	-5.762020587921142578e+00	-2.881041288375854492e+00
-1.083647060394287109e+01	-7.961501121520996094e+00	7.227062225341796875e+00
8.921244621276855469e+00	-2.723268270492553711e-01	3.719602108001708984e+00
1.221207022666931152e+00	3.994475841522216797e+00	2.425068020820617676e-01
4.102081298828125000e+00	4.972860813140869141e+00	2.272596120834350586e+00
1.490397691726684570e+00	5.504122734069824219e+00	-1.028348445892333984e+00
-1.066316986083984375e+01	-7.987713813781738281e+00	7.237952709197998047e+00
1.845173358917236328e+00	1.580952167510986328e+00	2.607369184494018555e+00
4.117290019989013672e+00	5.545465469360351562e+00	-3.253275528550148010e-02
-5.301882624626159668e-01	3.625739514827728271e-01	3.275480747222900391e+00
-2.708513736724853516e+00	7.643297672271728516e+00	-2.682932853698730469e+00
7.051525115966796875e-01	4.158891201019287109e+00	-4.005383551120758057e-01
-1.064292049407958984e+01	-8.243566513061523438e+00	7.099978923797607422e+00
1.347787094116210938e+01	2.727513313293457031e+00	2.634582281112670898e+00
1.453129291534423828e+00	5.456230640411376953e+00	-9.570420980453491211e-01
1.520281195640563965e+00	-6.462131023406982422e+00	-2.906947612762451172e+00
-1.079387187957763672e+01	-8.070084571838378906e+00	7.219887733459472656e+00
-1.057542228698730469e+01	-8.150961875915527344e+00	7.322089672088623047e+00
-6.638339161872863770e-01	4.942649841308593750e+00	1.037718892097473145e+00
2.896286725997924805e+00	5.938033103942871094e+00	8.666879534721374512e-01
1.740979433059692383e+00	-5.628591537475585938e+00	-2.649168491363525391e+00
5.016532897949218750e+00	5.523006439208984375e+00	2.162896871566772461e+00
4.324750423431396484e+00	5.826785087585449219e+00	-1.208862423896789551e+00
2.768769979476928711e+00	1.371802330017089844e+00	1.998281717300415039e+00
1.389936065673828125e+01	2.813843488693237305e+00	2.251514911651611328e+00
2.732599258422851562e+00	3.515696525573730469e+00	1.748363018035888672e+00
-1.063519573211669922e+01	-8.173986434936523438e+00	7.245303153991699219e+00
2.843833446502685547e+00	3.337015390396118164e+00	1.779006361961364746e+00
-2.646077156066894531e+00	7.673285484313964844e+00	-2.687794685363769531e+00
6.922997832298278809e-01	1.417249560356140137e+00	1.863609075546264648e+00
4.252916336059570312e+00	5.705753326416015625e+00	-3.248995244503021240e-01
5.399995326995849609e+00	5.780699253082275391e+00	1.793321132659912109e+00
4.795313835144042969e+00	3.068915605545043945e+00	3.516444444656372070e+00
2.934268951416015625e+00	5.397568702697753906e+00	1.653430312871932983e-01
-5.142585635185241699e-01	3.774025738239288330e-01	3.259449243545532227e+00
4.102357864379882812e+00	5.977025032043457031e+00	4.310628771781921387e-01
2.832002401351928711e+00	3.082891702651977539e+00	1.541569471359252930e+00
-1.073143672943115234e+01	-8.086551666259765625e+00	7.101229190826416016e+00
5.490866899490356445e-01	7.476343154907226562e+00	3.709381520748138428e-01
5.383320331573486328e+00	7.074969291687011719e+00	6.671409606933593750e-01
-9.581835269927978516e-01	1.028063583374023438e+01	1.613276124000549316e+00
1.719408988952636719e+00	-6.198720932006835938e+00	-2.744928359985351562e+00
4.465181827545166016e+00	5.905846595764160156e+00	-1.222606420516967773e+00
1.916045784950256348e+00	5.407796859741210938e+00	6.055781841278076172e-01
-7.855826616287231445e-01	9.923269271850585938e+00	1.394240260124206543e+00
3.610180377960205078e+00	1.764713168144226074e+00	1.176437258720397949e+00
4.121041774749755859e+00	5.660590648651123047e+00	-1.019125342369079590e+00
1.913710975646972656e+01	-4.259867191314697266e+00	6.955985546112060547e+00
1.917116284370422363e+00	5.051429271697998047e+00	6.451470255851745605e-01
2.487080812454223633e+00	3.528642058372497559e-01	9.595288634300231934e-01
1.263031959533691406e+01	4.354076385498046875e+00	-2.289880812168121338e-01
4.135924339294433594e+00	5.623336791992187500e+00	8.756347745656967163e-02
2.018008947372436523e+00	1.789091110229492188e+00	2.339260101318359375e+00
4.301166057586669922e+00	5.802572727203369141e+00	-1.123580336570739746e+00
4.028863906860351562e+00	5.704878807067871094e+00	3.766641318798065186e-01
1.058758735656738281e+00	4.747968673706054688e+00	4.702429473400115967e-01
4.025835692882537842e-01	7.302549839019775391e+00	3.734498918056488037e-01
1.755852460861206055e+00	-6.224872112274169922e+00	-2.719840049743652344e+00
-1.079384326934814453e+00	1.037585449218750000e+01	1.696914315223693848e+00
4.446116447448730469e+00	3.413396596908569336e+00	2.877648115158081055e+00
3.067097663879394531e+00	1.247034835815429688e+01	4.102981090545654297e+00
1.951925635337829590e+00	5.152901649475097656e+00	7.548739910125732422e-01
1.514616608619689941e+00	-6.192565917968750000e+00	-2.852918386459350586e+00
8.328547477722167969e-01	2.409999132156372070e+00	-1.352259963750839233e-01
2.612767696380615234e+00	4.712979316711425781e+00	1.884553432464599609e+00
9.459691047668457031e-01	4.809309005737304688e+00	3.570467233657836914e-01
2.405332088470458984e+00	1.603486418724060059e+00	2.151762247085571289e+00
1.346604108810424805e+00	2.957894802093505859e+00	2.044046163558959961e+00
-2.706928253173828125e+00	7.690916538238525391e+00	-2.708735466003417969e+00
1.264847040176391602e+00	5.119705677032470703e+00	-4.920218288898468018e-01
3.870416402816772461e+00	4.980830192565917969e+00	2.072647333145141602e+00
3.143310785293579102e+00	9.709317684173583984e-01	9.682998061180114746e-01
1.516392946243286133e+00	-6.461262702941894531e+00	-2.910819292068481445e+00
3.270009279251098633e+00	2.477208137512207031e+00	1.236918091773986816e+00
1.198715567588806152e+00	2.943372249603271484e+00	9.813463091850280762e-01
1.914685440063476562e+01	-4.215386867523193359e+00	6.912185192108154297e+00
-5.600699782371520996e-01	1.498174548149108887e+00	-1.793219447135925293e+00
2.363338232040405273e+00	1.738033294677734375e+00	2.020023822784423828e+00
1.078492999076843262e+00	4.926576137542724609e+00	6.418856978416442871e-01
1.915881919860839844e+01	-4.216245174407958984e+00	6.913145542144775391e+00
2.999184608459472656e+00	-3.799966096878051758e+00	-2.709725379943847656e+00
4.215293407440185547e+00	5.713747501373291016e+00	-1.746399104595184326e-01
1.861261129379272461e+00	5.502367019653320312e+00	5.568458437919616699e-01
6.135784983634948730e-01	3.085614204406738281e+00	-5.794720053672790527e-01
1.655771255493164062e+00	4.178262233734130859e+00	9.928297996520996094e-01
2.036958932876586914e+00	1.607751250267028809e+00	2.542641639709472656e+00
2.887392520904541016e+00	3.030460476875305176e-01	1.004010915756225586e+00
3.263185739517211914e+00	9.787663221359252930e-01	3.881266117095947266e-01
-2.140370607376098633e+00	7.196655750274658203e+00	-1.960406661033630371e+00
3.027456998825073242e+00	1.223092436790466309e+00	1.813376307487487793e+00
1.595191717147827148e+00	5.583528995513916016e+00	4.848157465457916260e-01
4.056358814239501953e+00	5.269346237182617188e+00	1.347846269607543945e+00
2.879610300064086914e+00	-1.665211021900177002e-01	9.584587812423706055e-01
-1.084775161743164062e+01	-8.020726203918457031e+00	7.199604034423828125e+00
2.211746931076049805e+00	1.610090017318725586e+00	8.317039012908935547e-01
-2.033930063247680664e+00	7.098143577575683594e+00	-1.792334675788879395e+00
2.336683511734008789e+00	5.301843166351318359e+00	6.133736371994018555e-01
4.138572216033935547e+00	5.848723411560058594e+00	-8.621957898139953613e-01
4.064848899841308594e+00	5.487481594085693359e+00	-1.028943732380867004e-01
4.462939262390136719e+00	3.329136610031127930e+00	2.950377702713012695e+00
3.565435409545898438e+00	8.771849870681762695e-01	1.099374532699584961e+00
-6.345390677452087402e-01	4.933477401733398438e+00	1.028134822845458984e+00
1.684347271919250488e+00	1.260364651679992676e+00	8.331387639045715332e-01
4.794160366058349609e+00	3.072735071182250977e+00	3.512675046920776367e+00
6.213179230690002441e-01	3.590123891830444336e+00	-4.015678763389587402e-01
1.324102520942687988e+00	2.947883129119873047e+00	2.064479827880859375e+00
1.212304115295410156e+00	4.623010158538818359e+00	3.279320150613784790e-02
1.226040124893188477e+00	4.661546230316162109e+00	-1.791848540306091309e-01
4.447393894195556641e+00	3.391942501068115234e+00	2.896305561065673828e+00
-3.891590833663940430e-01	1.638914227485656738e+00	-1.606505513191223145e+00
3.510879039764404297e+00	1.341006565093994141e+01	1.135100936889648438e+01
1.625434279441833496e+00	5.764277458190917969e+00	-1.507621407508850098e+00
1.885321140289306641e+00	1.613741755485534668e+00	2.603316783905029297e+00
9.746509790420532227e-01	4.615437507629394531e+00	-1.089323833584785461e-01
-2.501682996749877930e+00	7.460579872131347656e+00	-2.338550806045532227e+00
9.919156432151794434e-01	5.135400772094726562e+00	5.426948666572570801e-01
1.802267074584960938e+00	4.529293060302734375e+00	9.097108244895935059e-01
1.711622595787048340e+00	3.298048973083496094e+00	1.561077117919921875e+00
2.687759160995483398e+00	4.758817330002784729e-02	9.908967614173889160e-01
-2.675560712814331055e+00	7.675839900970458984e+00	-2.707644224166870117e+00
2.870665788650512695e+00	5.428753852844238281e+00	2.887257039546966553e-01
3.508822917938232422e+00	-6.503138542175292969e-01	1.095439553260803223e+00
4.034943103790283203e+00	5.324229240417480469e+00	1.294649481773376465e+00
3.128715276718139648e+00	5.544601082801818848e-01	1.139970183372497559e+00
1.837912917137145996e+00	1.783118247985839844e+00	1.505369186401367188e+00
3.601102590560913086e+00	8.594998717308044434e-01	1.054618716239929199e+00
4.593449592590332031e+00	5.647397518157958984e+00	1.982699155807495117e+00
8.801486968994140625e+00	-2.190938442945480347e-01	3.606660604476928711e+00
2.185682535171508789e+00	3.600672960281372070e+00	1.425685405731201172e+00
4.099436283111572266e+00	5.719359874725341797e+00	5.284664630889892578e-01
1.427492380142211914e+00	3.010160207748413086e+00	1.933317303657531738e+00
3.529803037643432617e+00	9.011076092720031738e-01	1.129999876022338867e+00
1.055492162704467773e+00	4.514932632446289062e+00	2.004872709512710571e-01
2.091407775878906250e+00	4.979454517364501953e+00	8.531463742256164551e-01
4.099731445312500000e+00	5.713864803314208984e+00	3.287834525108337402e-01
1.557851314544677734e+00	-6.437957286834716797e+00	-2.869569778442382812e+00
2.114064455032348633e+00	5.039752006530761719e+00	7.276731729507446289e-01
4.073123633861541748e-01	5.931967258453369141e+00	5.967416763305664062e-01
9.709535241127014160e-01	2.613658428192138672e+00	9.576473832130432129e-01
3.098391056060791016e+00	1.250286769866943359e+01	4.133884906768798828e+00
4.513650417327880859e+00	5.523616313934326172e+00	2.365290403366088867e+00
-5.391380190849304199e-01	3.522506058216094971e-01	3.284425973892211914e+00
1.919359683990478516e+00	1.573750257492065430e+00	9.697343111038208008e-01
2.102432012557983398e+00	5.458546876907348633e-01	1.024220585823059082e+00
4.102316379547119141e+00	6.026731491088867188e+00	4.550036787986755371e-01
6.434610486030578613e-01	4.270002365112304688e+00	-4.737647473812103271e-01
3.930991590023040771e-01	7.309453487396240234e+00	3.776341080665588379e-01
2.416217803955078125e+00	5.063388347625732422e+00	9.659026861190795898e-01
8.932336807250976562e+00	-6.911877393722534180e-01	3.600218772888183594e+00
3.139803409576416016e+00	1.009585186839103699e-01	1.163269400596618652e+00
3.288943052291870117e+00	8.646931648254394531e-01	9.837615489959716797e-01
4.064221858978271484e+00	5.976395130157470703e+00	5.167143344879150391e-01
4.152151584625244141e+00	6.343851566314697266e+00	3.529570400714874268e-01
-9.996330142021179199e-01	1.028345394134521484e+01	1.590433478355407715e+00
1.026536345481872559e+00	1.620768904685974121e+00	1.423643350601196289e+00
3.519687652587890625e+00	7.412108778953552246e-01	1.114962697029113770e+00
2.611768722534179688e+00	6.741595268249511719e-02	1.031241416931152344e+00
1.755161762237548828e+00	4.771157264709472656e+00	6.296893358230590820e-01
4.194185733795166016e+00	5.245248317718505859e+00	2.293264150619506836e+00
1.372134590148925781e+01	2.780472755432128906e+00	2.406773090362548828e+00
1.445791006088256836e+00	6.017546176910400391e+00	1.991144716739654541e-01
2.030428886413574219e+00	3.295403003692626953e+00	1.427482843399047852e+00
7.848281264305114746e-01	4.011700153350830078e+00	-5.662056431174278259e-02
2.140244722366333008e+00	5.391418933868408203e+00	8.024790883064270020e-01
1.961295843124389648e+00	4.731164455413818359e+00	7.445877790451049805e-01
8.918495178222656250e+00	-6.143074035644531250e-01	3.650473117828369141e+00
4.008357048034667969e+00	5.472548484802246094e+00	1.523421108722686768e-01
2.366773843765258789e+00	4.547343254089355469e+00	-4.205716252326965332e-01
1.752130746841430664e+00	1.843822479248046875e+00	2.527983188629150391e+00
3.951111316680908203e+00	5.449850559234619141e+00	6.180433183908462524e-02
1.541097164154052734e+00	-5.825407505035400391e+00	-2.874393939971923828e+00
1.500760197639465332e+00	5.968756198883056641e+00	2.716218531131744385e-01
1.865488290786743164e+00	5.225084304809570312e+00	6.560577154159545898e-01
4.256887435913085938e+00	5.768107414245605469e+00	-1.115578293800354004e+00
1.550670504570007324e+00	-6.460384845733642578e+00	-2.883818626403808594e+00
-8.999196887016296387e-01	1.021597099304199219e+01	1.529262185096740723e+00
4.449517726898193359e+00	3.418476581573486328e+00	2.878709793090820312e+00
8.888745307922363281e+00	-2.732518613338470459e-01	3.697781324386596680e+00
2.087657451629638672e+00	3.365686535835266113e-01	8.353453874588012695e-01
1.395222783088684082e+00	4.485760688781738281e+00	-1.914601802825927734e+00
-2.867974758148193359e+00	7.597651481628417969e+00	-2.651374101638793945e+00
7.393481135368347168e-01	5.146474838256835938e+00	5.399115681648254395e-01
-2.837005853652954102e+00	7.598015308380126953e+00	-2.755789041519165039e+00
-2.432163208723068237e-01	1.509601593017578125e+00	-1.447978019714355469e+00
1.058524847030639648e+00	1.653022766113281250e+00	1.370026350021362305e+00
-9.420993924140930176e-01	1.021481513977050781e+01	1.614460468292236328e+00
8.188112974166870117e-01	4.035713672637939453e+00	1.188291385769844055e-01
1.778133153915405273e+00	1.645648717880249023e+00	2.267739057540893555e+00
3.070036172866821289e+00	2.680185317993164062e+00	1.106181263923645020e+00
4.151342511177062988e-01	5.914878368377685547e+00	5.847337245941162109e-01
7.217645645141601562e-01	4.359506607055664062e+00	-4.032295644283294678e-01
2.581205606460571289e+00	2.893982887268066406e+00	1.510938048362731934e+00
1.307566165924072266e+00	4.561739921569824219e+00	-2.825833559036254883e-01
-5.169656276702880859e-01	3.829455673694610596e-01	3.259431362152099609e+00
1.499335050582885742e+00	-6.495400905609130859e+00	-2.922573328018188477e+00
2.973070621490478516e+00	5.465496540069580078e+00	2.014762312173843384e-01
-1.062691307067871094e+01	-8.114106178283691406e+00	7.352916717529296875e+00
2.396572589874267578e+00	4.554378509521484375e+00	-4.247364997863769531e-01
1.441269636154174805e+00	6.089316368103027344e+00	1.390586644411087036e-01
2.129972934722900391e+00	1.895882129669189453e+00	2.077146530151367188e+00
4.480365753173828125e+00	5.911054611206054688e+00	-1.242519617080688477e+00
3.308655977249145508e+00	1.031747221946716309e+00	3.889479041099548340e-01
2.779639959335327148e+00	1.291220486164093018e-01	1.016597747802734375e+00
1.922839927673339844e+01	-4.317460060119628906e+00	7.014339923858642578e+00
7.193044424057006836e-01	1.468273043632507324e+00	1.757742285728454590e+00
1.744793295860290527e+00	-5.664235591888427734e+00	-2.665045738220214844e+00
2.171617269515991211e+00	7.605261802673339844e-01	1.056298732757568359e+00
-1.078699016571044922e+01	-8.059938430786132812e+00	7.143384456634521484e+00
2.311953067779541016e+00	5.212558746337890625e+00	6.945375800132751465e-01
-3.065755963325500488e-01	1.592501759529113770e+00	-1.527497291564941406e+00
2.675306797027587891e+00	-4.053422436118125916e-02	9.349246621131896973e-01
4.215040206909179688e+00	6.787388801574707031e+00	9.436201304197311401e-02
3.496957540512084961e+00	-6.383126974105834961e-01	1.122226715087890625e+00
-1.080283927917480469e+01	-7.976297378540039062e+00	7.123733520507812500e+00
-5.454578995704650879e-01	1.513624072074890137e+00	-1.779101967811584473e+00
9.118663668632507324e-01	4.382623195648193359e+00	-5.536209046840667725e-02
-4.242110252380371094e-01	1.612895965576171875e+00	-1.647694349288940430e+00
3.505014896392822266e+00	-6.461094617843627930e-01	1.104553341865539551e+00
3.739767551422119141e+00	5.771927356719970703e+00	2.666483819484710693e-01
-6.115458607673645020e-01	4.844718933105468750e+00	1.176951885223388672e+00
4.054999828338623047e+00	5.267609596252441406e+00	2.265748500823974609e+00
1.299783420562744141e+01	4.190626144409179688e+00	-1.530545353889465332e-01
7.256786823272705078e-01	1.607669353485107422e+00	1.357348561286926270e+00
4.378885269165039062e+00	5.337922573089599609e+00	2.191326379776000977e+00
3.276045560836791992e+00	1.030342221260070801e+00	3.253501653671264648e-01
4.326322674751281738e-02	5.090062618255615234e+00	1.049708008766174316e+00
-2.548524379730224609e+00	7.515433311462402344e+00	-2.415759801864624023e+00
1.037911057472229004e+00	4.196115970611572266e+00	-3.258961066603660583e-02
1.348287773132324219e+01	2.751137971878051758e+00	2.628516435623168945e+00
5.691521167755126953e-01	3.268568038940429688e+00	-4.720263481140136719e-01
-2.271151304244995117e+00	7.339725971221923828e+00	-2.259545326232910156e+00
1.261085510253906250e+01	4.387882709503173828e+00	-2.747970223426818848e-01
8.621617555618286133e-01	5.147150993347167969e+00	3.860656917095184326e-01
2.521793365478515625e+00	2.928244352340698242e+00	1.530797004699707031e+00
3.614449024200439453e+00	1.363365530967712402e+00	1.168721437454223633e+00
3.839193820953369141e+00	5.768549442291259766e+00	1.995109617710113525e-01
1.348155975341796875e+00	2.998043298721313477e+00	2.033521890640258789e+00
7.666676640510559082e-01	4.199935436248779297e+00	-2.535193562507629395e-01
5.276410102844238281e+00	5.568109035491943359e+00	1.956079959869384766e+00
2.541779756546020508e+00	1.335168123245239258e+00	1.009319663047790527e+00
5.329497337341308594e+00	7.116987705230712891e+00	6.127337217330932617e-01
8.958591461181640625e+00	-2.985779345035552979e-01	3.551069498062133789e+00
4.540067195892333984e+00	5.462718009948730469e+00	2.124835729598999023e+00
2.608377695083618164e+00	4.728026866912841797e+00	1.904387116432189941e+00
2.476912975311279297e+00	3.489704608917236328e+00	4.659563899040222168e-01
2.596471309661865234e+00	5.282493591308593750e+00	5.382347106933593750e-01
3.025980710983276367e+00	2.788815975189208984e+00	1.024031162261962891e+00
-9.248676300048828125e-01	1.030521011352539062e+01	1.632003068923950195e+00
3.421632051467895508e+00	7.101953506469726562e+00	-8.388492465019226074e-01
1.705534458160400391e+00	5.872212886810302734e+00	-1.692417740821838379e+00
2.428702116012573242e+00	3.522363424301147461e+00	4.281270503997802734e-01
4.493021965026855469e+00	5.943927764892578125e+00	-1.245302796363830566e+00
5.261337757110595703e+00	5.550377845764160156e+00	1.996610403060913086e+00
3.998683929443359375e+00	5.887218952178955078e+00	3.421877920627593994e-01
2.464498519897460938e+00	3.474198579788208008e+00	4.982053637504577637e-01
1.596273303031921387e+00	-5.803491115570068359e+00	-2.812224864959716797e+00
1.906508636474609375e+01	-4.173604488372802734e+00	6.871160030364990234e+00
2.635380506515502930e+00	1.390390515327453613e+00	1.150411605834960938e+00
2.558559894561767578e+00	1.124947190284729004e+00	1.042183995246887207e+00
1.948907732963562012e+00	5.235705852508544922e+00	6.065198779106140137e-01
1.918822288513183594e+01	-4.207086086273193359e+00	6.902390480041503906e+00
4.038327693939208984e+00	6.114472389221191406e+00	4.187250137329101562e-01
3.591718435287475586e+00	1.547409892082214355e+00	1.145407795906066895e+00
2.940439462661743164e+00	2.711994647979736328e+00	1.134912014007568359e+00
2.066908836364746094e+00	5.392198562622070312e+00	7.737426757812500000e-01
2.851257085800170898e+00	3.364735126495361328e+00	1.777463555335998535e+00
2.958552598953247070e+00	6.037037849426269531e+00	9.482674598693847656e-01
1.626644849777221680e+00	1.242984771728515625e+00	1.064735770225524902e+00
2.460675477981567383e+00	3.488733291625976562e+00	4.589931964874267578e-01
3.495201587677001953e+00	-6.372461915016174316e-01	1.110058546066284180e+00
4.415945410728454590e-01	1.849798917770385742e+00	9.596538543701171875e-01
2.776800394058227539e+00	2.665019989013671875e+00	1.296243190765380859e+00
1.682145714759826660e+00	5.906345367431640625e+00	-1.716079354286193848e+00
2.783582210540771484e+00	3.159445285797119141e+00	1.591506600379943848e+00
7.859494686126708984e-01	5.207346916198730469e+00	5.682044029235839844e-01
3.997335135936737061e-01	7.090005397796630859e+00	3.198541998863220215e-01
1.708096504211425781e+00	1.195095896720886230e+00	8.419526219367980957e-01
2.562110662460327148e+00	1.057737916707992554e-01	1.075747966766357422e+00
4.061236381530761719e+00	5.304226875305175781e+00	1.336431980133056641e+00
1.286268711090087891e+01	4.422605991363525391e+00	-3.906293511390686035e-01
-2.230894565582275391e+00	7.319224357604980469e+00	-2.183931827545166016e+00
3.945453882217407227e+00	5.674195289611816406e+00	8.030829429626464844e-01
4.208370208740234375e+00	6.621058464050292969e+00	2.352387607097625732e-01
-1.061850070953369141e+01	-8.140552520751953125e+00	7.315877914428710938e+00
1.917106437683105469e+01	-4.226645946502685547e+00	6.923522949218750000e+00
2.704783678054809570e+00	3.173985719680786133e+00	1.607826948165893555e+00
1.650545597076416016e+00	1.675682902336120605e+00	2.470701932907104492e+00
4.011720180511474609e+00	5.643767356872558594e+00	7.094076275825500488e-01
-9.974854469299316406e+00	-7.848379135131835938e+00	7.170415401458740234e+00
3.904345989227294922e+00	5.744719028472900391e+00	2.100939154624938965e-01
4.213718414306640625e+00	6.633471965789794922e+00	2.416509687900543213e-01
-2.553095519542694092e-01	1.722982645034790039e+00	-1.453749895095825195e+00
1.633186101913452148e+00	-5.747388839721679688e+00	-2.772870063781738281e+00
1.447127580642700195e+00	4.349776268005371094e+00	4.080659449100494385e-01
1.301377058029174805e+00	4.344633102416992188e+00	4.159966707229614258e-01
1.293023943901062012e+00	4.081708908081054688e+00	1.119768261909484863e+00
3.226757049560546875e+00	2.640366792678833008e+00	1.236031055450439453e+00
3.460305452346801758e+00	-6.083925366401672363e-01	1.131877064704895020e+00
2.903971672058105469e+00	3.304978609085083008e+00	1.806222081184387207e+00
-1.086492061614990234e+01	-8.010578155517578125e+00	7.282744884490966797e+00
2.992166996002197266e+00	2.826581239700317383e+00	9.918611645698547363e-01
4.221756458282470703e+00	5.002809047698974609e+00	2.229020118713378906e+00
1.684543251991271973e+00	-5.577922344207763672e+00	-2.716069221496582031e+00
1.249864459037780762e+00	2.892811059951782227e+00	2.132151126861572266e+00
1.912222671508789062e+01	-4.197651386260986328e+00	6.894421100616455078e+00
2.712755799293518066e-01	7.836753368377685547e+00	4.682081937789916992e-01
-6.675474047660827637e-01	9.667743682861328125e+00	1.322083592414855957e+00
-2.776442766189575195e+00	7.631899833679199219e+00	-2.620727539062500000e+00
1.394550895690917969e+01	2.812811613082885742e+00	2.210542440414428711e+00
2.605731010437011719e+00	4.724344253540039062e+00	1.898630976676940918e+00
2.732346534729003906e+00	5.110787391662597656e+00	-8.302799612283706665e-02
2.933968782424926758e+00	3.347718000411987305e+00	1.853749990463256836e+00
5.393978595733642578e+00	7.088052749633789062e+00	6.535413861274719238e-01
-1.081996917724609375e+01	-8.302898406982421875e+00	7.328413009643554688e+00
-5.520568490028381348e-01	3.393095135688781738e-01	3.297299385070800781e+00
4.696622848510742188e+00	5.834429264068603516e+00	2.187226772308349609e+00
8.900178909301757812e+00	-2.082969993352890015e-01	3.606271505355834961e+00
1.674086570739746094e+00	4.406714439392089844e+00	8.495646119117736816e-01
1.099288940429687500e+00	4.441945552825927734e+00	2.863621413707733154e-01
2.461869001388549805e+00	1.281906962394714355e+00	9.930688142776489258e-01
1.717838525772094727e+00	1.294351220130920410e+00	8.180672526359558105e-01
6.889088749885559082e-01	4.437699317932128906e+00	-1.279506683349609375e-01
2.387630224227905273e+00	4.548677921295166016e+00	-4.337109625339508057e-01
-2.047207117080688477e+00	7.109231948852539062e+00	-1.844310879707336426e+00
1.711235523223876953e+00	5.876638412475585938e+00	-1.677418231964111328e+00
3.576509714126586914e+00	9.158695340156555176e-01	1.072518110275268555e+00
1.921404242515563965e+00	1.848358273506164551e+00	2.360517740249633789e+00
3.218863487243652344e+00	2.380365133285522461e+00	1.232749342918395996e+00
1.367172241210937500e+00	3.989950656890869141e+00	1.195448637008666992e+00
3.134027481079101562e+00	4.178379178047180176e-01	1.265515804290771484e+00
1.919232940673828125e+01	-4.213533401489257812e+00	6.910399436950683594e+00
4.270889759063720703e+00	5.772766113281250000e+00	-1.144010305404663086e+00
1.907550811767578125e+00	5.362922668457031250e+00	6.383227109909057617e-01
1.522865891456604004e+00	3.006326913833618164e+00	1.934179544448852539e+00
-4.939887225627899170e-01	3.775008916854858398e-01	3.240283966064453125e+00
1.909657478332519531e+01	-4.223874568939208984e+00	6.921140670776367188e+00
3.877814769744873047e+00	5.631937503814697266e+00	3.854916393756866455e-01
1.090874075889587402e+00	4.467913150787353516e+00	3.032549321651458740e-01
1.419869184494018555e+00	5.955353736877441406e+00	1.683769971132278442e-01
1.345355129241943359e+01	2.694155454635620117e+00	2.656330585479736328e+00
1.482628226280212402e+00	5.501175403594970703e+00	-1.002845048904418945e+00
8.817034363746643066e-01	4.106690406799316406e+00	-4.111665114760398865e-02
1.167180061340332031e+00	1.844344139099121094e+00	1.609185814857482910e+00
2.585370779037475586e+00	3.562896490097045898e+00	1.088587284088134766e+00
2.622898578643798828e+00	5.358628273010253906e+00	5.278291702270507812e-01
1.221759080886840820e+00	2.871297597885131836e+00	2.182372570037841797e+00
4.151017189025878906e+00	4.939797401428222656e+00	2.314862966537475586e+00
7.840430736541748047e+00	2.484726428985595703e+00	8.078639984130859375e+00
1.030498743057250977e+00	4.002493381500244141e+00	8.960262686014175415e-02
2.773155927658081055e+00	4.359622955322265625e+00	3.367231488227844238e-01
-5.169499516487121582e-01	3.741528391838073730e-01	3.261858224868774414e+00
1.392207241058349609e+01	2.806171178817749023e+00	2.229993820190429688e+00
-1.069890975952148438e+01	-8.020901679992675781e+00	7.122017383575439453e+00
2.609112024307250977e+00	1.148052066564559937e-01	1.061338305473327637e+00
-1.058814334869384766e+01	-8.062284469604492188e+00	7.222329616546630859e+00
4.729243516921997070e-01	1.781363129615783691e+00	1.008547186851501465e+00
3.492341518402099609e+00	1.342907238006591797e+01	1.137010383605957031e+01
4.612128257751464844e+00	5.693929672241210938e+00	2.017508983612060547e+00
3.495394468307495117e+00	1.342604446411132812e+01	1.136710453033447266e+01
6.519571542739868164e-01	1.928477764129638672e+00	1.050426840782165527e+00
8.430344462394714355e-01	4.477377891540527344e+00	-7.140130400657653809e-01
1.796932518482208252e-01	5.497030258178710938e+00	1.634639650583267212e-01
1.702358484268188477e+00	5.902796268463134766e+00	-1.719116330146789551e+00
-4.322153329849243164e-01	1.577394962310791016e+00	-1.656962752342224121e+00
6.175198554992675781e-01	3.573426246643066406e+00	-4.079468548297882080e-01
1.260635852813720703e-01	4.391992092132568359e+00	4.369741678237915039e-01
5.594658255577087402e-01	2.218508481979370117e+00	-5.704253911972045898e-01
2.755316734313964844e+00	1.675544828176498413e-01	1.065040230751037598e+00
-2.871832370758056641e+00	7.213690757751464844e+00	-2.568974971771240234e+00
1.530674219131469727e+00	-5.633925437927246094e+00	-2.855602502822875977e+00
-6.411546468734741211e-01	9.675958633422851562e+00	1.384366869926452637e+00
3.216971397399902344e+00	3.681809008121490479e-01	1.210907220840454102e+00
1.280200481414794922e+01	4.329344749450683594e+00	-2.954433858394622803e-01
-2.830574512481689453e+00	7.586419582366943359e+00	-2.673671245574951172e+00
4.349862575531005859e+00	5.858504295349121094e+00	-1.126261472702026367e+00
1.688605189323425293e+00	-5.956323623657226562e+00	-2.736570119857788086e+00
6.018011569976806641e-01	2.269518136978149414e+00	-5.379132628440856934e-01
3.373912811279296875e+00	1.032293915748596191e+00	1.194152832031250000e+00
3.468368530273437500e+00	1.345228958129882812e+01	1.139314270019531250e+01
2.015912771224975586e+00	1.952292203903198242e+00	2.004055023193359375e+00
-2.359127521514892578e+00	7.417320728302001953e+00	-2.343175649642944336e+00
1.299057865142822266e+01	4.207765102386474609e+00	-1.709096133708953857e-01
-6.456629037857055664e-01	1.421187996864318848e+00	-1.880225181579589844e+00
1.915532684326171875e+01	-4.258334636688232422e+00	6.955231189727783203e+00
-6.941385269165039062e-01	5.028007030487060547e+00	1.155649781227111816e+00
4.523906707763671875e+00	3.122997760772705078e+00	3.062240600585937500e+00
-9.161223173141479492e-01	1.026010417938232422e+01	1.640291571617126465e+00
1.914248704910278320e+00	1.626173853874206543e+00	2.596895217895507812e+00
3.097617387771606445e+00	1.249915599822998047e+01	4.132323265075683594e+00
7.922386527061462402e-01	4.956464290618896484e+00	-2.987605035305023193e-01
1.618124961853027344e+00	-5.630854129791259766e+00	-2.777562856674194336e+00
3.956833183765411377e-01	7.303197383880615234e+00	3.696509599685668945e-01
1.134860157966613770e+00	4.903094291687011719e+00	-3.079201579093933105e-01
3.086509943008422852e+00	1.106772065162658691e+00	1.176668643951416016e+00
2.386392593383789062e+00	1.806961536407470703e+00	1.923376679420471191e+00
3.195163011550903320e+00	4.469440579414367676e-01	1.196666836738586426e+00
1.499755740165710449e+00	-5.671507835388183594e+00	-2.887102603912353516e+00
1.344582462310791016e+01	2.756928682327270508e+00	2.663528680801391602e+00
3.069475412368774414e+00	2.717578887939453125e+00	1.028552532196044922e+00
4.799198150634765625e+00	3.060323715209960938e+00	3.518960237503051758e+00
8.790378570556640625e+00	-1.312254369258880615e-01	3.570863723754882812e+00
-1.077434158325195312e+01	-8.170013427734375000e+00	7.178248882293701172e+00
4.608645915985107422e+00	5.602539062500000000e+00	2.433830022811889648e+00
1.351296520233154297e+01	2.725513219833374023e+00	2.616258382797241211e+00
4.101318836212158203e+00	4.858515739440917969e+00	2.311204910278320312e+00
1.504767417907714844e+00	-5.683182239532470703e+00	-2.888116836547851562e+00
8.543772101402282715e-01	1.545916199684143066e+00	1.357765436172485352e+00
2.764195680618286133e+00	2.037156969308853149e-01	8.963019847869873047e-01
2.986242771148681641e-01	7.401999473571777344e+00	4.587145745754241943e-01
-7.821668386459350586e-01	1.025424480438232422e+01	1.397545814514160156e+00
1.357419610023498535e+00	4.453424453735351562e+00	-1.907409906387329102e+00
3.531388998031616211e+00	1.339004516601562500e+01	1.133106994628906250e+01
2.129953384399414062e+00	6.093638539314270020e-01	9.517256021499633789e-01
-1.070565128326416016e+01	-7.945014953613281250e+00	7.135820865631103516e+00
1.223962545394897461e+00	4.174905300140380859e+00	1.069334983825683594e+00
1.665521860122680664e+00	1.244404911994934082e+00	7.976080179214477539e-01
-2.610169887542724609e+00	7.762860774993896484e+00	-2.769026994705200195e+00
2.550380229949951172e+00	4.735251903533935547e+00	1.848026394844055176e+00
1.368552088737487793e+00	4.462726593017578125e+00	-1.915633916854858398e+00
1.794806599617004395e+00	3.299290180206298828e+00	1.415056109428405762e+00
4.466620445251464844e+00	5.399335384368896484e+00	2.519423246383666992e+00
1.682204961776733398e+00	1.248161315917968750e+00	7.750775814056396484e-01
6.816692948341369629e-01	2.200103521347045898e+00	-4.524910748004913330e-01
5.990794897079467773e-01	2.205429077148437500e+00	-5.735161900520324707e-01
-9.748596549034118652e-01	1.024502372741699219e+01	1.549833059310913086e+00
-5.024827718734741211e-01	3.864444196224212646e-01	3.246469020843505859e+00
3.164177179336547852e+00	-3.637224435806274414e+00	-2.762684345245361328e+00
2.523058354854583740e-01	7.446192741394042969e+00	5.127699375152587891e-01
7.807749271392822266e+00	2.513834476470947266e+00	8.045908927917480469e+00
-2.668694972991943359e+00	7.727261066436767578e+00	-2.777634859085083008e+00
7.814917087554931641e+00	2.506963253021240234e+00	8.053157806396484375e+00
3.126706838607788086e+00	1.253021049499511719e+01	4.162591457366943359e+00
3.480267524719238281e+00	-6.178130507469177246e-01	1.106083631515502930e+00
8.906068801879882812e+00	-6.772579550743103027e-01	3.669488668441772461e+00
-1.059439182281494141e+01	-7.920589923858642578e+00	7.017673015594482422e+00
5.623599290847778320e-01	2.203409910202026367e+00	-5.859712362289428711e-01
4.490148544311523438e+00	5.938167572021484375e+00	-1.252889633178710938e+00
1.033553123474121094e+00	4.391303539276123047e+00	3.208639621734619141e-01
3.162151575088500977e+00	-3.640122413635253906e+00	-2.761991739273071289e+00
4.160305500030517578e+00	5.697958469390869141e+00	-1.297998547554016113e+00
2.100751399993896484e+00	3.869962692260742188e-01	8.682296276092529297e-01
4.779971599578857422e+00	3.062190771102905273e+00	3.499909400939941406e+00
3.473762512207031250e+00	-6.173786520957946777e-01	1.124007344245910645e+00
2.838679790496826172e+00	3.376159667968750000e+00	1.825947165489196777e+00
-2.807220935821533203e+00	7.570158481597900391e+00	-2.780167818069458008e+00
-1.079796886444091797e+01	-7.985696792602539062e+00	7.318935871124267578e+00
3.511629581451416016e+00	1.340977287292480469e+01	1.135077285766601562e+01
3.893908262252807617e-01	5.943712234497070312e+00	6.156534552574157715e-01
1.390942478179931641e+01	2.797776699066162109e+00	2.241681575775146484e+00
3.077933073043823242e+00	2.722975015640258789e+00	1.029307246208190918e+00
-8.760840892791748047e-01	1.016660308837890625e+01	1.476973295211791992e+00
3.483083486557006836e+00	-6.206423044204711914e-01	1.053543448448181152e+00
-2.454936742782592773e+00	7.522077560424804688e+00	-2.491567611694335938e+00
1.921118354797363281e+01	-4.160876274108886719e+00	6.860654354095458984e+00
-1.084449195861816406e+01	-8.228963851928710938e+00	7.397961616516113281e+00
2.746550083160400391e+00	1.363626122474670410e+00	2.018502473831176758e+00
1.220972537994384766e+00	2.870000839233398438e+00	2.181561946868896484e+00
1.289094567298889160e+00	2.951597213745117188e+00	2.084115505218505859e+00
3.471439838409423828e+00	1.345003604888916016e+01	1.139105319976806641e+01
-9.149566292762756348e-01	1.027643585205078125e+01	1.656899094581604004e+00
1.304021120071411133e+00	4.592836856842041016e+00	-2.786848247051239014e-01
2.964872837066650391e+00	6.033342361450195312e+00	9.505219459533691406e-01
1.300415611267089844e+01	4.189353466033935547e+00	-1.302167922258377075e-01
3.583062410354614258e+00	-7.295311689376831055e-01	1.027021288871765137e+00
3.402541160583496094e+00	7.123606204986572266e+00	-8.569986820220947266e-01
2.300096273422241211e+00	3.469952344894409180e+00	1.171145319938659668e+00
1.542831063270568848e+00	-5.857254028320312500e+00	-2.877262592315673828e+00
1.922881507873535156e+01	-4.303290843963623047e+00	7.000257492065429688e+00
-2.698307991027832031e+00	7.728331089019775391e+00	-2.765823841094970703e+00
3.508600592613220215e-01	4.573654651641845703e+00	4.969423711299896240e-01
-8.650600314140319824e-01	1.023974037170410156e+01	1.558251023292541504e+00
3.400154352188110352e+00	7.128476142883300781e+00	-8.477764725685119629e-01
1.156755328178405762e+00	5.412057399749755859e+00	-5.055425763130187988e-01
1.307482719421386719e+01	4.126098632812500000e+00	-2.510267496109008789e-01
-5.318543314933776855e-01	4.895067214965820312e+00	1.055450677871704102e+00
1.302461433410644531e+01	4.204805374145507812e+00	-1.753677129745483398e-01
3.164782285690307617e+00	-3.636222362518310547e+00	-2.763094902038574219e+00
3.138296127319335938e+00	1.254252529144287109e+01	4.174108982086181641e+00
1.523561835289001465e+00	-6.170372962951660156e+00	-2.875892400741577148e+00
1.498781085014343262e+00	-6.494084358215332031e+00	-2.931394577026367188e+00
1.710554242134094238e+00	5.881269454956054688e+00	-1.691120147705078125e+00
-8.334144353866577148e-01	1.035014915466308594e+01	1.715680241584777832e+00
3.159224271774291992e+00	-3.643081426620483398e+00	-2.759296655654907227e+00
-1.059507846832275391e+01	-8.190716743469238281e+00	7.019416332244873047e+00
8.873056411743164062e+00	-1.881601065397262573e-01	3.749891757965087891e+00
7.135701775550842285e-01	4.945270061492919922e+00	4.073579609394073486e-01
5.229024291038513184e-01	1.696625709533691406e+00	1.127354621887207031e+00
1.418755769729614258e+00	6.097145557403564453e+00	1.364794373512268066e-01
1.348667740821838379e+00	4.445847511291503906e+00	-1.866960763931274414e+00
5.332397937774658203e+00	5.609331130981445312e+00	1.952896118164062500e+00
4.416688442230224609e+00	5.922557830810546875e+00	-1.236671924591064453e+00
8.849403381347656250e+00	-2.367268651723861694e-01	3.679726123809814453e+00
3.516321778297424316e-01	7.348059654235839844e+00	4.145862460136413574e-01
-2.151776313781738281e+00	7.213519573211669922e+00	-1.959459424018859863e+00
3.484748125076293945e+00	1.343659782409667969e+01	1.137762832641601562e+01
-1.091101288795471191e+00	9.976828575134277344e+00	1.145184516906738281e+00
5.027290582656860352e-01	1.718338727951049805e+00	1.114521145820617676e+00
2.926354169845581055e+00	5.428350925445556641e+00	2.226473093032836914e-01
-2.766374111175537109e+00	7.637167453765869141e+00	-2.682356119155883789e+00
3.527681589126586914e+00	-6.776776313781738281e-01	1.088317632675170898e+00
1.388454794883728027e+00	4.464290142059326172e+00	-1.883865118026733398e+00
2.985064744949340820e+00	5.476007461547851562e+00	3.446063399314880371e-01
3.136302947998046875e+00	5.459445476531982422e+00	1.334978193044662476e-01
4.230507373809814453e+00	6.657755851745605469e+00	2.284633964300155640e-01
2.777625799179077148e+00	1.338386654853820801e+00	1.984992861747741699e+00
8.053019642829895020e-01	4.446314811706542969e+00	-6.820039749145507812e-01
2.020403861999511719e+00	1.461963057518005371e+00	8.125157356262207031e-01
9.003726959228515625e+00	-2.603209316730499268e-01	3.785377025604248047e+00
-2.043440103530883789e+00	7.107892990112304688e+00	-1.818056106567382812e+00
2.345907211303710938e+00	3.498245239257812500e+00	1.195870757102966309e+00
5.293877124786376953e-01	1.733165860176086426e+00	1.070796370506286621e+00
1.311608672142028809e+00	4.736151695251464844e+00	-3.014809191226959229e-01
1.265598893165588379e+00	6.448737144470214844e+00	2.356791794300079346e-01
4.899318695068359375e+00	5.530372142791748047e+00	2.223963499069213867e+00
2.231732845306396484e+00	4.457174777984619141e+00	-3.416995704174041748e-01
-2.180337429046630859e+00	7.205271720886230469e+00	-2.108503818511962891e+00
1.540966182947158813e-01	4.396715164184570312e+00	4.265384376049041748e-01
-6.137366294860839844e-01	4.938791275024414062e+00	1.075868368148803711e+00
-1.062583255767822266e+01	-8.161548614501953125e+00	7.141437053680419922e+00
4.525440216064453125e+00	5.537434101104736328e+00	2.347359180450439453e+00
1.390668678283691406e+01	2.781448364257812500e+00	2.244808673858642578e+00
4.608752250671386719e+00	5.744751453399658203e+00	2.072286844253540039e+00
2.183878421783447266e+00	4.939936161041259766e+00	9.523668289184570312e-01
4.720210552215576172e+00	5.651254653930664062e+00	2.463717699050903320e+00
-1.007924747467041016e+01	-7.895382881164550781e+00	7.153287887573242188e+00
-2.600311994552612305e+00	7.665482997894287109e+00	-2.681355953216552734e+00
4.534159183502197266e+00	5.976034641265869141e+00	-1.209384918212890625e+00
-1.064435577392578125e+01	-8.282036781311035156e+00	7.313367843627929688e+00
6.810563802719116211e-01	4.123129844665527344e+00	1.043425723910331726e-01
1.304776668548583984e+01	4.155461788177490234e+00	-1.005001217126846313e-01
6.993857026100158691e-01	4.120136260986328125e+00	-3.581664264202117920e-01
1.586782813072204590e+00	-5.879556655883789062e+00	-2.843802213668823242e+00
2.592599391937255859e+00	2.973990201950073242e+00	1.158704161643981934e+00
4.569707214832305908e-01	1.851994991302490234e+00	9.814419746398925781e-01
-6.750813126564025879e-01	1.393386125564575195e+00	-1.911705255508422852e+00
-1.086216545104980469e+01	-8.216989517211914062e+00	7.350076675415039062e+00
8.921377182006835938e+00	-6.402344107627868652e-01	3.649518728256225586e+00
1.224389314651489258e+00	4.911271095275878906e+00	-2.566991448402404785e-01
-1.055665779113769531e+01	-7.957370281219482422e+00	7.029274940490722656e+00
8.862844467163085938e+00	-2.776749730110168457e-01	3.645506143569946289e+00
3.421088695526123047e+00	-5.759226083755493164e-01	1.180214285850524902e+00
1.913749122619628906e+01	-4.214042186737060547e+00	6.911119461059570312e+00
1.738578319549560547e+00	-6.188841819763183594e+00	-2.727350711822509766e+00
3.068350315093994141e+00	2.740856885910034180e+00	1.004162311553955078e+00
1.965833067893981934e+00	1.416029095649719238e+00	7.829256057739257812e-01
7.741716504096984863e-01	5.118739604949951172e+00	5.357195138931274414e-01
1.383932113647460938e+00	4.477512359619140625e+00	-1.911168456077575684e+00
-1.076048851013183594e+01	-8.234410285949707031e+00	7.079813003540039062e+00
1.938872575759887695e+00	3.487964153289794922e+00	1.473746657371520996e+00
1.649125695228576660e+00	1.267688632011413574e+00	7.636882066726684570e-01
7.068052291870117188e-01	1.472373485565185547e+00	1.723753333091735840e+00
2.642174005508422852e+00	3.469262361526489258e+00	1.066016435623168945e+00
1.917529869079589844e+01	-4.176640033721923828e+00	6.873639583587646484e+00
5.215303897857666016e+00	6.641303062438964844e+00	8.974199295043945312e-01
8.748185157775878906e+00	-1.475297361612319946e-01	3.659666299819946289e+00
4.640716552734375000e+00	5.809632778167724609e+00	2.087561607360839844e+00
2.711107492446899414e+00	3.678996801376342773e+00	1.782933592796325684e+00
-6.330471038818359375e-01	4.971549510955810547e+00	1.095752954483032227e+00
-9.997916221618652344e+00	-7.873357772827148438e+00	7.149993896484375000e+00
1.410974264144897461e+00	4.512454986572265625e+00	-1.922147989273071289e+00
1.919740104675292969e+01	-4.298358440399169922e+00	6.995319843292236328e+00
-9.309282302856445312e-01	1.021956348419189453e+01	1.548014283180236816e+00
-1.067305278778076172e+01	-7.938029766082763672e+00	7.358782768249511719e+00
2.292760610580444336e+00	1.691740155220031738e+00	2.183778524398803711e+00
